IDX,Age,Gender,WFDAwareness,WFDUser,WFDBrand,UseMonth,Usetime,UseDay,DAW1,DAW2,DAW3,PEW1,PEW2,PEW3,PEW4,PUW1,PUW2,PUW3,PUW4,PEUW1,PEUW2,PEUW3,DAA1,DAA2,DAA3,PEA1,PEA2,PEA3,PEA4,PUA1,PUA2,PUA3,PUA4,PEUA1,PEUA2,PEUA3,IU1,IU2,IU3,Job,Income,Workoutweek,Workouttime,Motives,DAW,PEW,PUW,PEUW,DAA,PEA,PUA,PEUA,IU
1,39,1,1,1,2,3,2,4,5,4,4,4,5,5,5,3,4,4,4,4,3,3,5,5,5,4,4,4,4,5,4,4,4,3,3,3,5,5,5,3,4,4,3,1,4.333333333333333,4.75,3.75,3.3333333333333335,5,4,4.25,3,5
2,35,2,1,1,2,8,3,3,4,4,4,5,3,3,3,4,4,4,4,5,5,5,5,4,4,4,5,5,5,4,4,4,4,4,3,3,3,3,3,2,4,4,4,2,4,3.5,4,5,4.333333333333333,4.75,4,3.3333333333333335,3
3,48,2,1,1,2,6,6,6,7,6,7,7,6,6,6,7,7,7,7,6,7,7,7,6,7,7,6,7,6,7,7,7,7,7,7,7,7,7,7, ,3,3,2,1,6.666666666666667,6.25,7,6.666666666666667,6.666666666666667,6.5,7,7,7
4,42,1,1,1,2,6,4,5,7,6,6,6,6,7,7,5,6,7,6,6,6,4,5,5,6,6,6,6,7,5,5,5,5,5,6,6,6,6,7,2,6,7,6,3,6.333333333333333,6.5,6,5.333333333333333,5.333333333333333,6.25,5,5.666666666666667,6.333333333333333
5,45,2,1,1,2,27,1,7,3,4,3,3,3,3,3,2,2,2,2,6,6,6,2,2,2,2,2,2,2,1,1,1,2,7,7,7,1,4,1,2,6,8,6,5,3.3333333333333335,3,2,6,2,2,1.25,7,2
6,46,2,1,1,4,19,3,5,5,6,6,5,5,4,4,6,6,5,5,6,6,6,6,6,6,6,5,5,5,5,6,5,6,6,6,6,5,6,6,2,6,2,2,5,5.666666666666667,4.5,5.5,6,6,5.25,5.5,6,5.666666666666667
7,46,2,1,1,2,24,1,7,6,4,6,6,6,6,6,4,6,6,6,6,6,6,4,4,5,5,5,5,4,4,5,5,5,4,5,5,5,6,6,3,5,6,3,2,5.333333333333333,6,5.5,6,4.333333333333333,4.75,4.75,4.666666666666667,5.666666666666667
8,52,2,1,1,2,1,4,7,5,5,4,4,4,4,4,5,5,4,4,4,5,4,4,4,5,4,4,4,4,5,4,4,4,4,4,4,4,5,4,2,6,1,2,5,4.666666666666667,4,4.5,4.333333333333333,4.333333333333333,4,4.25,4,4.333333333333333
9,29,1,1,1,3,19,4,8,7,6,6,7,7,7,7,7,6,7,7,7,7,7,6,7,6,6,6,7,7,6,7,7,6,6,6,6,7,7,6,2,6,2,2,1,6.333333333333333,7,6.75,7,6.333333333333333,6.5,6.5,6,6.666666666666667
10,38,2,1,1,2,8,2,5,7,7,7,7,7,7,7,7,7,7,6,5,5,6,5,6,6,7,7,7,6,5,6,7,5,6,7,7,6,7,6,2,4,5,4,2,7,7,6.75,5.333333333333333,5.666666666666667,6.75,5.75,6.666666666666667,6.333333333333333
11,37,2,1,1,2,9,2,4,5,5,6,6,6,6,6,6,6,6,5,6,6,5,5,6,5,6,6,6,6,5,5,5,6,6,6,6,5,6,6,2,3,3,3,3,5.333333333333333,6,5.75,5.666666666666667,5.333333333333333,6,5.25,6,5.666666666666667
12,24,1,1,1,2,5,1,3,5,5,5,5,5,5,5,6,6,5,5,5,5,6,4,4,4,5,5,4,4,5,5,5,5,4,4,5,5,5,5,2,4,3,3,3,5,5,5.5,5.333333333333333,4,4.5,5,4.333333333333333,5
13,32,1,1,1,3,3,4,8,5,5,5,5,5,5,5,5,5,5,5,5,5,6,5,5,5,5,5,5,5,6,6,6,6,5,5,6,5,6,6,2,6,5,2,2,5,5,5,5.333333333333333,5,5,6,5.333333333333333,5.666666666666667
14,40,1,1,1,2,5,4,4,6,6,6,4,5,5,5,7,6,7,6,6,5,6,5,6,6,5,5,5,5,6,6,6,6,6,5,6,6,6,7,2,6,3,3,2,6,4.75,6.5,5.666666666666667,5.666666666666667,5,6,5.666666666666667,6.333333333333333
15,45,2,1,1,2,8,2,5,6,6,6,7,7,6,7,7,6,7,7,7,6,6,6,7,6,6,6,7,7,6,7,7,7,6,7,7,6,7,6,2,6,5,3,5,6,6.75,6.75,6.333333333333333,6.333333333333333,6.5,6.75,6.666666666666667,6.333333333333333
16,39,2,1,1,1,3,2,3,5,6,7,6,6,6,6,6,7,6,6,6,7,5,6,6,5,7,7,6,7,5,6,5,7,6,7,7,7,6,7,3,6,3,4,1,6,6,6.25,6,5.666666666666667,6.75,5.75,6.666666666666667,6.666666666666667
17,31,1,1,1,6,0,7,8,5,6,5,6,5,6,6,6,6,6,6,6,5,5,5,5,5,5,5,5,5,5,6,5,5,6,5,6,6,6,6,2,6,5,3,2,5.333333333333333,5.75,6,5.333333333333333,5,5,5.25,5.666666666666667,6
18,27,1,1,3, , , , ,5,4,3,3,3,3,5,2,3,5,4,3,3,3,4,5,5,4,3,3,4,2,4,5,7,5,4,4,3,3,3,2,6,5,3,5,4,3.5,3.5,3,4.666666666666667,3.5,4.5,4.333333333333333,3
19,50,2,1,1,4,14,3,8,5,6,6,5,5,5,5,5,5,5,5,7,7,7,5,5,5,5,5,5,5,5,5,5,5,7,7,7,5,7,5, ,2,1,1, ,5.666666666666667,5,5,7,5,5,5,7,5.666666666666667
20,36,2,1,3, , , , ,3,4,3,2,2,2,2,3,3,3,3,4,4,5,3,4,3,3,3,3,2,3,3,2,3,4,4,5,3,2,3,3,5,1,1,2,3.3333333333333335,2,3,4.333333333333333,3.3333333333333335,2.75,2.75,4.333333333333333,2.6666666666666665
21,49,2,1,1,2,4,2,6,5,5,5,4,4,4,4,5,5,5,4,5,5,5,5,5,5,5,5,5,5,4,5,5,5,5,5,5,4,5,5,2,6,6,3,2,5,4,4.75,5,5,5,4.75,5,4.666666666666667
22,43,2,1,1,4,14,3,8,7,3,3,6,7,7,7,7,7,6,7,6,6,6,7,6,6,6,7,7,7,7,7,7,7,6,7,6,7,7,7,2,5,2,3,3,4.333333333333333,6.75,6.75,6,6.333333333333333,6.75,7,6.333333333333333,7
23,32,1,1,1,4,19,7,8,4,4,3,5,5,5,3,4,5,5,5,4,4,5,5,5,5,4,5,5,5,5,5,5,5,4,4,5,4,5,5,2,3,6,3,2,3.6666666666666665,4.5,4.75,4.333333333333333,5,4.75,5,4.333333333333333,4.666666666666667
24,28,2,1,1,2,12,2,4,5,5,6,5,5,7,5,5,5,6,5,5,5,5,5,4,4,5,5,4,6,6,5,5,5,6,5,5,5,6,7,1,5,5,4,5,5.333333333333333,5.5,5.25,5,4.333333333333333,5,5.25,5.333333333333333,6
25,45,1,1,1,2,16,4,3,5,5,5,6,4,6,5,6,5,4,6,5,5,5,5,4,5,5,4,4,5,5,5,5,4,5,5,5,5,4,5,4,4,3,4,2,5,5.25,5.25,5,4.666666666666667,4.5,4.75,5,4.666666666666667
26,25,2,1,1,2,7,2,2,6,5,7,7,5,4,6,4,3,5,5,7,6,5,6,4,6,5,6,6,7,5,7,6,6,4,5,5,4,6,6,2,3,3,3,4,6,5.5,4.25,6,5.333333333333333,6,6,4.666666666666667,5.333333333333333
27,39,1,1,1,2,12,2,6,5,5,5,5,4,4,4,4,4,4,5,5,4,4,4,5,5,4,4,4,4,4,5,5,4,5,5,4,4,5,4,2,6,6,3,1,5,4.25,4.25,4.333333333333333,4.666666666666667,4,4.5,4.666666666666667,4.333333333333333
28,24,2,1,1,6,9,1,2,5,5,4,5,4,5,5,5,5,5,4,5,5,5,4,5,5,4,5,5,5,5,4,5,5,4,5,5,5,5,5,4,3,2,2,2,4.666666666666667,4.75,4.75,5,4.666666666666667,4.75,4.75,4.666666666666667,5
29,29,2,1,1,2,7,2,4,4,5,5,5,5,4,4,5,5,5,5,5,4,4,5,5,5,5,4,4,5,4,5,5,5,5,4,4,5,5,5,2,6,4,3,3,4.666666666666667,4.5,5,4.333333333333333,5,4.5,4.75,4.333333333333333,5
30,47,2,1,3, , , , ,5,5,5,4,4,4,4,5,5,5,5,5,5,5,4,4,4,5,5,4,5,5,4,5,5,5,5,5,4,3,4,2,6,7,4,2,5,4,5,5,4,4.75,4.75,5,3.6666666666666665
31,39,1,1,1,2,2,3,6,6,7,7,6,7,7,6,7,7,6,7,7,7,6,6,6,7,7,7,7,7,7,6,6,6,7,7,7,6,7,7,2,4,6,4,5,6.666666666666667,6.5,6.75,6.666666666666667,6.333333333333333,7,6.25,7,6.666666666666667
32,28,2,1,1,2,9,2,2,3,6,5,6,4,7,6,7,3,6,5,7,3,5,7,5,3,6,7,4,3,6,3,5,5,7,6,3,5,7,4,2,4,4,2,3,4.666666666666667,5.75,5.25,5,5,5,4.75,5.333333333333333,5.333333333333333
33,29,2,1,1,1,30,3,7,3,4,6,7,5,7,7,4,6,6,7,7,7,7,5,3,3,5,3,1,1,6,4,2,4,7,7,7,7,7,5,1,4,7,5,3,4.333333333333333,6.5,5.75,7,3.6666666666666665,2.5,4,7,6.333333333333333
34,45,1,1,1,1,1,1,4,7,7,6,7,6,6,6,7,7,7,6,6,6,6,7,7,6,6,6,7,7,6,6,7,7,7,7,7,6,6,6,2,6,3,3,5,6.666666666666667,6.25,6.75,6,6.666666666666667,6.5,6.5,7,6
35,38,1,1,1,1,10,1,4,4,5,5,4,5,4,5,4,4,5,4,4,4,5,4,5,5,4,5,5,5,4,5,5,5,5,4,4,4,5,4,3,6,5,4,5,4.666666666666667,4.5,4.25,4.333333333333333,4.666666666666667,4.75,4.75,4.333333333333333,4.333333333333333
36,22,1,1,1,2,9,3,4,4,5,5,2,3,4,5,5,5,2,3,4,5,4,4,5,2,3,5,4,5,4,5,2,3,4,5,4,5,6,5,1,4,4,6,5,4.666666666666667,3.5,3.75,4.333333333333333,3.6666666666666665,4.25,3.5,4.333333333333333,5.333333333333333
37,32,2,1,1,4,3,6,8,3,4,5,3,4,4,4,5,6,6,6,5,6,6,3,4,4,4,4,5,5,7,7,7,7,6,6,6,4,7,7,2,6,3,4,3,4,3.75,5.75,5.666666666666667,3.6666666666666665,4.5,7,6,6
38,37,2,1,1,1,18,1,2,6,6,6,6,6,5,4,4,4,4,4,7,6,6,6,6,5,4,4,4,4,4,4,4,4,7,7,7,4,4,4,2,6,2,2,2,6,5.25,4,6.333333333333333,5.666666666666667,4,4,7,4
39,34,1,1,1,3,8,4,6,7,6,5,7,4,6,5,4,4,6,7,7,6,5,5,5,7,7,6,7,6,4,4,4,6,7,5,4,6,7,5,2,6,6,3,1,6,5.5,5.25,6,5.666666666666667,6.5,4.5,5.333333333333333,6
40,36,1,1,1,2,12,3,5,6,7,7,6,6,7,6,7,7,6,6,7,6,6,6,7,7,6,6,6,6,6,6,7,6,6,6,7,6,7,6,2,4,3,3,2,6.666666666666667,6.25,6.5,6.333333333333333,6.666666666666667,6,6.25,6.333333333333333,6.333333333333333
41,38,1,1,3, , , , ,5,5,5,4,5,4,5,5,5,4,5,5,5,5,5,4,4,5,5,5,5,5,5,5,5,5,5,5,4,5,5,3,6,4,4,2,5,4.5,4.75,5,4.333333333333333,5,5,5,4.666666666666667
42,22,1,1,1,4,1,5,7,5,6,4,4,4,4,4,4,4,4,4,5,4,5,5,6,4,4,4,4,4,4,4,4,4,5,4,5,4,5,5,1,6,7,2,1,5,4,4,4.666666666666667,5,4,4,4.666666666666667,4.666666666666667
43,36,2,1,1,3,15,1,2,6,6,6,6,6,6,5,5,5,5,5,5,4,6,6,6,5,5,5,5,5,6,6,6,6,5,4,4,5,7,7,2,3,2,3,1,6,5.75,5,5,5.666666666666667,5,6,4.333333333333333,6.333333333333333
44,45,1,1,1,4,21,1,2,5,5,5,4,5,5,4,5,6,5,5,5,6,5,4,4,5,5,5,4,5,4,5,5,5,4,5,4,5,4,6,2,5,4,3,1,5,4.5,5.25,5.333333333333333,4.333333333333333,4.75,4.75,4.333333333333333,5
45,39,2,1,1,2,6,2,4,5,5,6,5,5,6,6,6,5,5,6,5,6,6,7,7,7,6,6,6,6,5,5,6,6,6,7,6,6,6,6,4,1,8,3,3,5.333333333333333,5.5,5.5,5.666666666666667,7,6,5.5,6.333333333333333,6
46,45,2,1,1,4,7,7,8,5,5,7,6,5,6,6,7,6,7,6,7,7,7,6,6,7,6,7,7,7,7,6,7,6,7,7,7,7,7,7,2,5,3,3,5,5.666666666666667,5.75,6.5,7,6.333333333333333,6.75,6.5,7,7
47,30,1,1,1,3,5,2,4,7,7,6,6,7,6,6,7,6,7,7,7,6,5,6,7,7,6,7,6,7,6,5,7,7,7,7,6,7,6,7, ,6,5,3,1,6.666666666666667,6.25,6.75,6,6.666666666666667,6.5,6.25,6.666666666666667,6.666666666666667
48,57,2,1,1,2,5,1,2,7,7,7,6,6,6,6,5,5,6,6,6,6,5,5,5,6,6,4,4,5,5,5,5,6,6,5,5,6,6,6,3,6,5,2,2,7,6,5.5,5.666666666666667,5.333333333333333,4.75,5.25,5.333333333333333,6
49,62,1,1,1,1,19,2,5,2,3,5,5,4,4,6,2,3,4,5,5,6,6,2,3,4,4,4,5,6,3,4,4,4,6,5,5,5,6,6,4,6,4,5,5,3.3333333333333335,4.75,3.5,5.666666666666667,3,4.75,3.75,5.333333333333333,5.666666666666667
50,33,1,1,1,4,29,3,8,7,7,7,7,7,5,5,7,7,6,6,7,7,7,7,7,7,7,6,6,6,7,6,6,7,6,7,7,7,7,7, ,4,1,1,5,7,6,6.5,7,7,6.25,6.5,6.666666666666667,7
51,30,2,1,1,2,14,2,6,5,5,5,4,3,3,3,4,5,5,5,6,6,6,5,7,7,5,5,5,5,6,5,4,5,5,5,5,4,4,4,2,3,2,2,4,5,3.25,4.75,6,6.333333333333333,5,5,5,4
52,37,1,1,1,4,10,7,8,7,7,7,7,7,7,7,7,7,7,7,7,7,6,6,6,7,6,6,6,6,7,7,7,7,7,6,6,6,6,7,2,5,5,3,1,7,7,7,6.666666666666667,6.333333333333333,6,7,6.333333333333333,6.333333333333333
53,23,1,1,1,2,5,2,4,4,4,5,4,5,5,4,5,5,4,4,5,5,5,4,5,5,5,5,5,4,5,5,4,4,4,4,5,4,4,4,1,6,5,2,2,4.333333333333333,4.5,4.5,5,4.666666666666667,4.75,4.5,4.333333333333333,4
54,25,1,1,3, , , , ,5,4,4,5,5,5,4,5,5,5,5,5,4,4,4,4,5,5,5,5,5,5,5,5,5,5,5,5,5,5,5,2,6,1,1,2,4.333333333333333,4.75,5,4.333333333333333,4.333333333333333,5,5,5,5
55,29,1,1,1,2,8,2,7,7,6,7,7,6,6,6,6,6,6,6,7,5,6,7,7,6,6,7,6,6,7,7,7,7,7,7,6,6,6,7,2,6,6,4,2,6.666666666666667,6.25,6,6,6.666666666666667,6.25,7,6.666666666666667,6.333333333333333
56,58,2,1,1,4,9,2,6,5,6,5,5,6,5,4,5,5,6,5,5,6,6,5,5,6,5,5,5,4,5,5,6,4,6,6,5,4,6,6,2,6,5,4,2,5.333333333333333,5,5.25,5.666666666666667,5.333333333333333,4.75,5,5.666666666666667,5.333333333333333
57,35,1,1,1,4,5,1,2,5,4,4,4,4,4,4,4,4,4,4,5,5,5,4,5,4,4,4,4,4,5,4,4,4,5,5,5,4,5,5,2,4,2,4,5,4.333333333333333,4,4,5,4.333333333333333,4,4.25,5,4.666666666666667
58,43,2,1,1,4,17,5,8,7,7,7,6,7,7,6,7,6,6,7,7,6,7,6,6,7,6,6,7,7,6,6,7,6,7,6,7,6,7,7,2,5,8,2,5,7,6.5,6.5,6.666666666666667,6.333333333333333,6.5,6.25,6.666666666666667,6.666666666666667
59,41,1,1,1,2,19,2,4,6,6,7,5,5,5,4,6,6,7,7,7,7,7,6,7,7,6,6,5,6,6,6,7,7,6,6,6,6,7,6,2,6,4,3,1,6.333333333333333,4.75,6.5,7,6.666666666666667,5.75,6.5,6,6.333333333333333
60,63,1,1,1,2,5,2,4,4,5,5,5,4,4,4,5,4,4,4,5,4,5,5,5,4,4,4,5,4,4,4,4,5,5,4,4,4,5,5,2,2,4,3,2,4.666666666666667,4.25,4.25,4.666666666666667,4.666666666666667,4.25,4.25,4.333333333333333,4.666666666666667
61,40,1,1,1,4,5,3,7,6,6,6,6,6,6,6,7,6,6,6,7,6,6,7,6,5,6,6,7,6,5,6,6,5,6,6,5,6,6,7,2,5,7,3,2,6,6,6.25,6.333333333333333,6,6.25,5.5,5.666666666666667,6.333333333333333
62,40,1,1,3, , , , ,5,4,3,4,6,4,4,4,5,4,4,5,3,5,4,4,5,5,5,4,3,4,5,4,5,4,3,5,5,4,4,2,5,2,3,1,4,4.5,4.25,4.333333333333333,4.333333333333333,4.25,4.5,4,4.333333333333333
63,48,2,1,3, , , , ,3,3,4,3,4,3,3,4,4,3,4,3,3,3,3,3,3,3,4,4,3,3,3,3,3,3,3,2,3,4,4,2,6,5,3,2,3.3333333333333335,3.25,3.75,3,3,3.5,3,2.6666666666666665,3.6666666666666665
64,30,1,1,1,1,12,2,5,5,5,6,5,5,5,5,6,6,6,5,6,6,5,5,5,6,6,5,6,6,6,5,6,6,5,5,6,5,5,6,2,5,5,3,1,5.333333333333333,5,5.75,5.666666666666667,5.333333333333333,5.75,5.75,5.333333333333333,5.333333333333333
65,36,1,1,3, , , , ,6,5,6,5,5,5,4,4,5,5,4,6,6,6,4,3,5,4,4,5,3,5,5,5,5,4,5,5,4,6,6,2,4,5,3,2,5.666666666666667,4.75,4.5,6,4,4,5,4.666666666666667,5.333333333333333
66,53,2,1,1,2,8,2,5,5,6,5,5,6,5,5,5,5,6,5,5,6,5,6,5,5,5,6,5,5,5,5,5,4,5,5,6,5,5,5,2,6,4,2,2,5.333333333333333,5.25,5.25,5.333333333333333,5.333333333333333,5.25,4.75,5.333333333333333,5
67,26,1,1,3, , , , ,4,3,5,6,5,3,4,4,3,4,5,4,4,5,5,5,3,4,5,6,6,5,4,6,5,5,5,4,4,5,6,2,6,4,3,2,4,4.5,4,4.333333333333333,4.333333333333333,5.25,5,4.666666666666667,5
68,27,1,1,1,2,6,2,7,6,5,5,4,5,6,5,6,6,6,6,5,5,4,4,5,5,5,5,4,5,4,5,4,5,5,5,5,5,5,5,2,4,4,4,2,5.333333333333333,5,6,4.666666666666667,4.666666666666667,4.75,4.5,5,5
69,34,1,1,1,5,4,4,5,6,6,5,6,6,6,5,6,7,6,6,6,7,6,6,6,6,6,7,6,5,7,7,6,6,6,5,6,6,7,7,2,3,5,5,1,5.666666666666667,5.75,6.25,6.333333333333333,6,6,6.5,5.666666666666667,6.666666666666667
70,45,2,1,1,4,1,1,3,4,5,6,5,5,4,5,4,4,5,5,4,4,3,4,5,4,5,5,5,4,4,5,5,4,5,5,5,4,4,5,2,6,2,3,5,5,4.75,4.5,3.6666666666666665,4.333333333333333,4.75,4.5,5,4.333333333333333
71,32,1,1,1,1,30,2,4,6,6,5,4,4,4,4,6,6,5,5,4,4,5,4,4,4,3,3,3,3,4,4,5,4,4,3,4,4,4,3,4,4,3,2,3,5.666666666666667,4,5.5,4.333333333333333,4,3,4.25,3.6666666666666665,3.6666666666666665
72,37,1,1,1,2,17,3,8,5,6,6,5,5,6,5,5,5,6,5,5,6,5,6,6,6,5,5,7,6,6,6,6,5,6,5,6,5,6,6,4,4,8,6,1,5.666666666666667,5.25,5.25,5.333333333333333,6,5.75,5.75,5.666666666666667,5.666666666666667
73,37,2,1,1,2,3,1,2,4,5,7,6,5,6,5,7,6,5,6,5,4,5,6,5,4,5,7,6,5,4,5,4,3,4,7,6,5,6,5,2,5,3,2,1,5.333333333333333,5.5,6,4.666666666666667,5,5.75,4,5.666666666666667,5.333333333333333
74,38,1,1,3, , , , ,6,6,6,5,6,5,5,6,6,5,6,6,5,5,5,5,5,6,6,6,5,6,6,6,6,5,6,6,6,6,6,2,5,5,2,2,6,5.25,5.75,5.333333333333333,5,5.75,6,5.666666666666667,6
75,31,2,1,1,4,8,1,4,6,6,6,6,5,6,5,6,7,7,6,6,6,6,6,5,6,6,5,6,6,6,7,7,7,6,6,6,5,7,7,2,4,5,3,2,6,5.5,6.5,6,5.666666666666667,5.75,6.75,6,6.333333333333333
76,43,2,1,1,4,28,7,6,4,5,5,6,5,5,5,6,7,6,6,6,6,6,6,4,5,5,5,5,5,6,6,5,5,5,5,6,6,6,6,2,5,5,3,1,4.666666666666667,5.25,6.25,6,5,5,5.5,5.333333333333333,6
77,23,1,1,1,2,2,4,4,4,3,5,5,6,7,5,6,5,7,4,4,3,3,7,5,4,6,6,3,4,6,5,6,6,7,5,4,5,6,4,1,3,4,4,3,4,5.75,5.5,3.3333333333333335,5.333333333333333,4.75,5.75,5.333333333333333,5
78,47,1,1,1,2,13,2,3,4,5,5,4,3,3,5,4,6,5,4,6,6,4,5,3,3,4,4,5,5,4,4,3,2,4,5,5,6,6,4,2,6,4,3,2,4.666666666666667,3.75,4.75,5.333333333333333,3.6666666666666665,4.5,3.25,4.666666666666667,5.333333333333333
79,26,2,1,1,2,5,2,5,6,6,6,6,7,6,6,7,5,6,6,6,6,6,6,7,6,6,7,6,6,7,6,7,7,7,7,7,6,7,6,2,4,2,2,1,6,6.25,6,6,6.333333333333333,6.25,6.75,7,6.333333333333333
80,59,2,1,1,2,10,7,8,4,4,5,4,5,5,5,6,6,6,6,5,4,4,5,5,5,5,5,4,4,5,5,4,5,5,4,4,4,5,5,2,4,2,3,2,4.333333333333333,4.75,6,4.333333333333333,5,4.5,4.75,4.333333333333333,4.666666666666667
81,28,1,1,1,2,7,1,4,4,5,5,4,5,5,4,4,4,5,6,5,5,4,4,6,5,4,5,5,5,4,5,5,4,5,5,4,4,5,5,2,6,4,2,1,4.666666666666667,4.5,4.75,4.666666666666667,5,4.75,4.5,4.666666666666667,4.666666666666667
82,34,2,1,1,1,8,4,8,6,5,6,6,6,5,6,5,6,5,5,6,6,5,5,6,7,6,6,6,5,5,6,6,5,6,6,5,6,6,5,2,3,4,5,1,5.666666666666667,5.75,5.25,5.666666666666667,6,5.75,5.5,5.666666666666667,5.666666666666667
83,38,2,1,1,4,18,7,8,4,4,3,3,3,3,3,4,4,3,3,4,5,5,4,3,3,2,4,3,3,3,4,3,3,4,5,5,4,3,3,2,4,2,3,1,3.6666666666666665,3,3.5,4.666666666666667,3.3333333333333335,3,3.25,4.666666666666667,3.3333333333333335
84,45,2,1,1,6,4,7,8,5,6,6,5,4,4,4,5,5,5,5,5,6,6,5,5,4,5,5,5,5,5,4,5,5,5,5,5,5,5,5,2,6,1,1,2,5.666666666666667,4.25,5,5.666666666666667,4.666666666666667,5,4.75,5,5
85,38,2,1,1,6,20,3,2,4,4,4,4,4,5,5,4,5,5,4,5,4,4,4,4,4,4,4,4,4,4,5,4,4,5,4,4,4,5,5,2,6,2,1,1,4,4.5,4.5,4.333333333333333,4,4,4.25,4.333333333333333,4.666666666666667
86,39,2,1,1,4,23,1,2,6,6,5,5,5,5,5,4,4,5,4,5,5,5,6,4,4,5,5,5,5,5,5,5,5,5,5,5,5,6,6,2,5,2,5,3,5.666666666666667,5,4.25,5,4.666666666666667,5,5,5,5.666666666666667
87,30,1,1,1,2,32,3,5,5,7,6,6,6,5,6,6,5,5,6,5,6,4,5,4,5,6,5,5,5,5,4,5,4,5,5,6,5,6,4,2,3,5,4,4,6,5.75,5.5,5,4.666666666666667,5.25,4.5,5.333333333333333,5
88,35,2,1,1,1,9,7,8,7,5,4,6,6,6,7,7,7,7,7,6,7,6,5,5,6,6,6,7,7,7,7,7,7,7,6,6,7,7,7,2,4,8,2,1,5.333333333333333,6.25,7,6.333333333333333,5.333333333333333,6.5,7,6.333333333333333,7
89,62,1,1,1,1,8,2,6,4,6,5,7,6,5,7,5,7,6,4,7,5,6,7,7,6,5,7,6,5,7,5,4,6,5,7,6,6,4,5,2,6,6,4,5,5,6.25,5.5,6,6.666666666666667,5.75,5.5,6,5
90,35,2,1,1,2,9,7,8,7,6,6,6,7,7,6,6,6,7,6,7,7,7,6,6,6,7,7,7,6,7,6,7,7,7,6,7,7,6,7,2,4,5,4,2,6.333333333333333,6.5,6.25,7,6,6.75,6.75,6.666666666666667,6.666666666666667
91,40,2,1,1,6,4,3,5,4,3,3,3,3,3,3,4,3,4,3,4,4,3,3,3,3,3,4,4,3,4,3,4,4,4,4,4,4,4,4,2,4,2,1,1,3.3333333333333335,3,3.5,3.6666666666666665,3,3.5,3.75,4,4
92,57,2,1,1,2,1,7,7,4,5,5,4,3,4,3,4,4,4,5,5,5,5,4,5,4,3,4,3,4,4,4,4,5,5,5,5,4,4,4,3,6,6,4,2,4.666666666666667,3.5,4.25,5,4.333333333333333,3.5,4.25,5,4
93,18,1,1,3, , , , ,7,7,6,6,7,5,6,7,6,7,7,6,7,6,7,7,6,6,7,7,6,6,7,7,6,6,7,6,7,7,6,2,6,4,4,5,6.666666666666667,6,6.75,6.333333333333333,6.666666666666667,6.5,6.5,6.333333333333333,6.666666666666667
94,34,1,1,1,3,7,2,4,5,4,4,5,4,5,5,5,4,5,4,4,4,5,3,4,4,3,4,4,3,4,4,4,4,5,4,4,3,3,3,2,2,2,3,5,4.333333333333333,4.75,4.5,4.333333333333333,3.6666666666666665,3.5,4,4.333333333333333,3
95,41,2,1,1,2,9,2,5,7,7,6,5,6,6,5,6,6,6,5,2,2,3,7,5,6,7,7,6,6,5,6,6,6,2,2,3,6,7,7,2,6,4,3,2,6.666666666666667,5.5,5.75,2.3333333333333335,6,6.5,5.75,2.3333333333333335,6.666666666666667
96,39,2,1,1,1,2,1,3,6,7,6,5,7,7,7,7,7,6,7,5,7,6,5,5,6,7,7,6,7,7,7,7,7,5,7,6,7,7,6,3,6,3,4,2,6.333333333333333,6.5,6.75,6,5.333333333333333,6.75,7,6,6.666666666666667
97,31,1,1,1,4,10,2,5,7,7,6,7,6,7,6,7,7,6,7,6,7,6,6,7,6,7,6,7,7,7,6,7,6,7,6,7,6,7,6,2,2,5,4,1,6.666666666666667,6.5,6.75,6.333333333333333,6.333333333333333,6.75,6.5,6.666666666666667,6.333333333333333
98,40,2,1,1,4,7,7,8,5,5,6,5,5,5,6,5,6,6,6,6,6,6,6,6,6,6,6,5,5,6,6,6,6,5,5,6,6,5,6,2,4,2,3,1,5.333333333333333,5.25,5.75,6,6,5.5,6,5.333333333333333,5.666666666666667
99,28,1,1,1,2,13,2,4,4,3,4,5,4,4,5,4,4,3,4,5,5,4,5,5,4,3,4,4,3,4,5,4,4,4,5,3,4,5,3,3,6,3,2,2,3.6666666666666665,4.5,3.75,4.666666666666667,4.666666666666667,3.5,4.25,4,4
100,45,1,1,1,2,13,2,6,5,6,6,6,7,6,7,6,7,6,7,6,5,6,7,6,6,7,6,6,5,5,7,6,7,6,7,6,7,6,6,2,4,4,2,2,5.666666666666667,6.5,6.5,5.666666666666667,6.333333333333333,6,6.25,6.333333333333333,6.333333333333333
101,40,1,1,1,2,20,2,6,6,6,6,6,6,6,6,6,6,5,5,6,6,6,6,5,5,4,4,5,5,6,5,5,5,5,6,6,6,6,6,2,6,6,3,2,6,6,5.5,6,5.333333333333333,4.5,5.25,5.666666666666667,6
102,32,1,1,1,4,2,4,6,5,5,4,4,4,5,5,5,5,5,5,5,6,5,5,5,5,5,6,5,5,6,6,6,6,6,6,6,6,6,6,2,5,4,5,1,4.666666666666667,4.5,5,5.333333333333333,5,5.25,6,6,6
103,32,2,1,1,4,7,5,8,5,5,5,5,5,5,6,6,5,5,6,5,5,5,5,5,6,6,5,5,6,5,6,6,6,5,5,6,6,6,5,2,4,4,4,1,5,5.25,5.5,5,5.333333333333333,5.5,5.75,5.333333333333333,5.666666666666667
104,46,2,1,1,4,7,3,4,5,5,5,4,4,4,5,5,5,5,5,5,5,5,5,6,5,4,5,5,5,4,4,5,5,5,5,5,4,5,5,3,2,3,3,2,5,4.25,5,5,5.333333333333333,4.75,4.5,5,4.666666666666667
105,57,1,1,1,2,12,1,4,5,5,5,5,6,6,5,6,6,6,6,5,5,5,5,5,5,6,5,6,5,5,6,6,6,6,5,5,5,5,5,4,2,3,3,5,5,5.5,6,5,5,5.5,5.75,5.333333333333333,5
106,36,2,1,1,2,12,4,7,5,5,5,5,5,5,4,5,5,5,4,5,4,4,5,5,5,5,5,5,5,5,4,5,5,5,4,4,4,6,6,2,5,3,2,2,5,4.75,4.75,4.333333333333333,5,5,4.75,4.333333333333333,5.333333333333333
107,44,1,1,1,2,9,2,4,4,4,5,6,6,6,6,6,6,6,6,6,6,5,5,6,5,6,6,6,6,6,6,6,5,6,6,5,6,6,6,2,3,4,3,2,4.333333333333333,6,6,5.666666666666667,5.333333333333333,6,5.75,5.666666666666667,6
108,26,1,1,1,4,5,3,6,4,5,6,5,4,4,4,3,3,4,4,5,4,3,3,2,3,2,2,4,3,4,5,2,4,3,3,3,4,4,4,2,2,3,2,2,5,4.25,3.5,4,2.6666666666666665,2.75,3.75,3,4
109,26,1,1,1,4,12,3,6,4,4,4,5,4,4,4,5,4,5,4,4,4,4,4,4,4,4,4,4,4,5,5,4,4,4,4,4,5,5,5,1,2,3,3,2,4,4.25,4.5,4,4,4,4.5,4,5
110,39,1,1,1,1,7,2,4,7,7,7,7,7,7,7,6,6,6,6,6,6,6,7,6,7,7,6,6,7,7,7,7,7,7,7,7,7,7,7,3,5,4,4,5,7,7,6,6,6.666666666666667,6.5,7,7,7
111,20,1,1,1,2,5,3,5,5,2,2,2,2,3,2,2,2,2,2,3,5,3,3,2,2,3,2,2,3,2,3,3,2,2,2,2,2,3,3,1,5,5,4,2,3,2.25,2,3.6666666666666665,2.3333333333333335,2.5,2.5,2,2.6666666666666665
112,34,1,1,1,3,5,5,7,5,7,7,6,6,6,6,6,7,7,7,6,7,7,7,6,6,6,6,6,7,6,7,6,7,6,7,6,7,7,6, ,6,6,3,1,6.333333333333333,6,6.75,6.666666666666667,6.333333333333333,6.25,6.5,6.333333333333333,6.666666666666667
113,23,1,1,1,2,8,1,2,6,5,4,5,5,6,4,6,5,5,5,4,6,6,6,5,4,6,5,5,5,5,5,4,5,6,5,4,5,4,6,1,6,3,2,2,5,5,5.25,5.333333333333333,5,5.25,4.75,5,5
114,35,2,1,1,2,9,3,3,6,6,6,6,5,5,6,5,7,6,7,7,6,7,6,6,7,5,7,7,5,7,7,7,7,6,6,7,5,7,7,2,4,4,4,3,6,5.5,6.25,6.666666666666667,6.333333333333333,6,7,6.333333333333333,6.333333333333333
115,37,2,1,1,4,13,7,8,4,4,6,4,4,4,4,6,5,6,5,6,7,6,6,6,6,5,5,5,4,7,6,5,5,7,6,7,4,6,6,2,6,3,3,3,4.666666666666667,4,5.5,6.333333333333333,6,4.75,5.75,6.666666666666667,5.333333333333333
116,34,2,1,1,2,6,2,6,6,5,4,5,4,4,3,4,4,5,4,4,6,5,3,4,5,4,5,5,4,5,4,4,4,5,6,6,4,4,4,2,6,6,4,2,5,4,4.25,5,4,4.5,4.25,5.666666666666667,4
117,51,1,1,3, , , , ,6,5,6,5,6,5,5,3,6,6,7,3,4,5,6,6,4,5,3,3,4,5,5,6,6,5,4,5,5,5,6,3,5,4,4,1,5.666666666666667,5.25,5.5,4,5.333333333333333,3.75,5.5,4.666666666666667,5.333333333333333
118,27,1,1,1,2,18,3,8,6,6,6,5,5,5,5,6,6,6,6,7,7,7,7,7,6,6,6,6,6,6,6,6,6,6,6,6,5,6,6,2,6,2,3,1,6,5,6,7,6.666666666666667,6,6,6,5.666666666666667
119,36,1,1,1,3,9,7,8,7,7,7,7,7,7,7,7,6,6,7,6,7,7,6,7,7,6,6,7,7,7,7,6,7,7,7,7,6,7,7,4,5,7,4,1,7,7,6.5,6.666666666666667,6.666666666666667,6.5,6.75,7,6.666666666666667
120,41,2,1,1,1,7,2,2,4,3,4,5,5,4,5,5,4,5,4,3,3,4,5,4,3,4,5,4,3,4,5,4,4,4,5,6,4,3,4,2,4,3,4,2,3.6666666666666665,4.75,4.5,3.3333333333333335,4,4,4.25,5,3.6666666666666665
121,38,1,1,3, , , , ,6,6,6,4,5,5,5,6,6,5,6,5,5,5,6,5,6,4,6,5,5,6,6,5,5,5,5,5,7,6,7, ,5,7,2,5,6,4.75,5.75,5,5.666666666666667,5,5.5,5,6.666666666666667
122,28,1,1,1,2,4,2,4,6,4,6,4,6,7,5,4,6,5,7,6,6,6,5,6,7,5,6,6,4,6,4,6,6,5,5,6,6,5,5,2,3,4,3,2,5.333333333333333,5.5,5.5,6,6,5.25,5.5,5.333333333333333,5.333333333333333
123,25,1,1,1,3,0,3,8,7,6,6,7,6,5,6,5,6,6,6,7,5,6,6,7,7,7,6,5,6,6,6,5,6,6,6,5,6,7,7,2,6,2,2,1,6.333333333333333,6,5.75,6,6.666666666666667,6,5.75,5.666666666666667,6.666666666666667
124,24,2,1,1,1,5,7,8,5,5,4,3,4,4,4,5,5,5,5,5,5,5,4,4,5,4,4,5,4,5,5,5,5,5,5,5,5,5,5,4,2,6,2,1,4.666666666666667,3.75,5,5,4.333333333333333,4.25,5,5,5
125,33,2,1,1,2,25,2,6,6,6,6,7,6,6,5,7,5,6,6,5,6,6,6,6,7,6,6,5,6,5,6,6,7,6,6,5,5,6,6, ,3,5,2,5,6,6,6,5.666666666666667,6.333333333333333,5.75,6,5.666666666666667,5.666666666666667
126,40,2,1,1,3,28,4,8,6,4,4,2,2,2,2,7,7,7,7,7,7,7,6,3,3,3,2,3,2,6,6,6,7,6,6,4,6,7,6,2,3,8,4,1,4.666666666666667,2,7,7,4,2.5,6.25,5.333333333333333,6.333333333333333
127,48,2,1,1,2,11,4,8,6,6,6,6,6,7,7,7,7,6,7,6,6,6,6,6,6,6,6,7,7,6,6,6,6,6,6,6,6,7,7,2,6,7,4,2,6,6.5,6.75,6,6,6.5,6,6,6.666666666666667
128,35,1,1,1,2,5,2,6,6,6,6,6,6,5,6,6,6,6,7,7,6,6,6,6,5,5,5,6,6,5,5,6,6,6,6,6,6,6,6,2,6,5,4,1,6,5.75,6.25,6.333333333333333,5.666666666666667,5.5,5.5,6,6
129,42,2,1,1,2,17,2,3,3,6,5,3,5,4,6,6,4,6,5,7,4,6,6,4,7,6,4,6,5,7,3,6,5,4,6,7,4,6,5,2,6,2,4,2,4.666666666666667,4.5,5.25,5.666666666666667,5.666666666666667,5.25,5.25,5.666666666666667,5
130,41,2,1,1,3,20,1,5,4,4,4,3,4,4,5,3,4,5,4,4,3,4,3,4,4,5,4,4,4,4,4,3,4,5,4,4,3,5,5,2,6,3,3,3,4,4,4,3.6666666666666665,3.6666666666666665,4.25,3.75,4.333333333333333,4.333333333333333
131,15,1,1,3, , , , ,4,5,5,4,3,4,3,4,3,5,5,4,4,5,5,4,3,5,4,4,4,4,3,5,4,5,5,4,6,5,4, ,4,3,1,1,4.666666666666667,3.5,4.25,4.333333333333333,4,4.25,4,4.666666666666667,5
132,38,2,1,1,4,2,3,7,3,5,3,4,3,3,4,4,5,5,5,4,4,5,3,4,5,4,4,4,4,5,4,5,5,5,5,5,4,4,4,3,4,7,2,2,3.6666666666666665,3.5,4.75,4.333333333333333,4,4,4.75,5,4
133,45,2,1,1,4,9,7,8,6,6,6,6,7,6,6,6,6,6,7,7,7,6,6,6,7,6,6,7,6,6,6,6,7,7,6,5,6,6,6,2,4,4,2,1,6,6.25,6.25,6.666666666666667,6.333333333333333,6.25,6.25,6,6
134,27,1,1,1,1,4,3,5,4,3,4,5,4,2,4,3,4,4,5,5,4,4,6,5,4,5,4,5,5,4,5,6,5,5,4,5,5,4,4,1,6,5,4,5,3.6666666666666665,3.75,4,4.333333333333333,5,4.75,5,4.666666666666667,4.333333333333333
135,45,1,1,1,2,5,2,8,7,7,7,7,7,7,7,7,6,7,7,6,7,7,7,7,6,7,7,7,6,7,7,7,7,7,7,6,7,6,6,2,6,8,3,2,7,7,6.75,6.666666666666667,6.666666666666667,6.75,7,6.666666666666667,6.333333333333333
136,36,1,1,1,2,7,1,3,6,5,5,6,5,5,5,5,6,6,5,5,5,6,6,5,6,6,6,6,5,5,5,4,6,6,5,6,6,6,5,2,4,4,5,2,5.333333333333333,5.25,5.5,5.333333333333333,5.666666666666667,5.75,5,5.666666666666667,5.666666666666667
137,43,2,1,1,3,5,1,4,5,5,5,4,3,4,5,4,6,5,4,3,5,5,5,5,5,4,3,4,5,5,5,4,4,3,4,4,4,5,5,2,6,4,4,3,5,4,4.75,4.333333333333333,5,4,4.5,3.6666666666666665,4.666666666666667
138,39,2,1,1,2,10,1,5,4,4,4,5,5,5,5,4,5,5,4,5,5,5,5,4,5,5,4,5,5,4,5,5,4,5,4,4,5,5,5,2,6,5,4,5,4,5,4.5,5,4.666666666666667,4.75,4.5,4.333333333333333,5
139,59,2,1,3, , , , ,6,6,5,6,6,5,6,6,5,6,6,7,7,7,6,6,6,6,6,6,5,6,6,6,6,7,7,7,6,5,6,3,2,4,2,5,5.666666666666667,5.75,5.75,7,6,5.75,6,7,5.666666666666667
140,30,1,1,1,6,0,1,6,5,4,5,5,5,5,5,6,5,5,5,5,5,4,5,4,5,5,5,5,5,5,5,5,5,5,4,4,5,6,5,2,4,4,2,1,4.666666666666667,5,5.25,4.666666666666667,4.666666666666667,5,5,4.333333333333333,5.333333333333333
141,43,1,1,1,1,5,1,2,6,5,5,5,5,6,4,5,6,5,5,4,5,4,5,5,4,5,5,4,4,5,6,6,4,5,4,5,5,4,4,2,5,2,2,2,5.333333333333333,5,5.25,4.333333333333333,4.666666666666667,4.5,5.25,4.666666666666667,4.333333333333333
142,61,1,1,1,2,10,2,6,5,4,5,6,5,5,5,5,5,6,6,6,6,5,5,4,5,6,5,5,5,6,6,6,6,6,5,5,5,5,5, ,5,5,4,2,4.666666666666667,5.25,5.5,5.666666666666667,4.666666666666667,5.25,6,5.333333333333333,5
143,26,1,1,1,1,8,3,7,6,5,4,3,5,4,4,6,7,7,7,5,5,5,4,3,3,3,3,3,3,5,5,5,5,4,4,4,4,6,6,2,3,4,1,1,5,4,6.75,5,3.3333333333333335,3,5,4,5.333333333333333
144,40,2,1,1,2,19,2,4,6,6,7,6,6,6,5,6,7,7,7,6,7,7,6,5,6,5,5,5,5,7,6,6,6,7,7,7,7,6,6,2,6,4,2,2,6.333333333333333,5.75,6.75,6.666666666666667,5.666666666666667,5,6.25,7,6.333333333333333
145,34,1,1,1,1,1,1,2,3,4,6,6,5,4,5,4,4,4,5,3,4,4,3,3,4,5,4,4,3,5,4,3,4,3,3,4,4,5,5,2,4,2,2,2,4.333333333333333,5,4.25,3.6666666666666665,3.3333333333333335,4,4,3.3333333333333335,4.666666666666667
146,38,1,1,1,2,28,3,8,3,2,2,4,3,3,3,2,2,1,2,1,1,1,2,4,4,4,4,4,4,4,4,4,4,4,4,4,4,5,6,2,4,4,1,2,2.3333333333333335,3.25,1.75,1,3.3333333333333335,4,4,4,5
147,63,2,1,1,2,13,2,5,5,6,5,6,6,6,5,5,6,6,6,6,5,6,5,6,5,6,6,5,5,6,6,6,6,6,5,6,6,6,6,2,5,4,3,1,5.333333333333333,5.75,5.75,5.666666666666667,5.333333333333333,5.5,6,5.666666666666667,6
148,52,2,1,1,2,11,1,5,5,6,5,5,6,6,6,5,5,4,5,4,5,6,5,4,6,5,5,6,5,6,5,6,5,6,5,4,5,6,6,2,6,6,4,5,5.333333333333333,5.75,4.75,5,5,5.25,5.5,5,5.666666666666667
149,40,2,1,3, , , , ,6,6,7,6,6,5,5,5,5,6,6,5,5,6,7,6,6,6,5,5,4,4,5,5,5,5,4,6,4,5,5,3,4,4,2,5,6.333333333333333,5.5,5.5,5.333333333333333,6.333333333333333,5,4.75,5,4.666666666666667
150,44,1,1,1,6,15,5,7,7,2,2,2,4,4,4,5,5,5,6,6,6,6,3,3,3,3,5,3,3,3,3,3,5,5,7,4,4,4,4,2,6,7,3,5,3.6666666666666665,3.5,5.25,6,3,3.5,3.5,5.333333333333333,4
151,41,2,1,1,1,0,7,8,6,6,6,6,6,5,5,6,5,5,5,6,6,6,6,6,6,6,5,6,5,6,6,6,6,7,7,7,5,6,6,2,6,5,2,1,6,5.5,5.25,6,6,5.5,6,7,5.666666666666667
152,33,1,1,1,1,11,6,7,5,6,5,4,4,4,5,7,7,4,5,6,6,6,4,5,6,6,6,5,4,4,4,5,6,6,5,7,7,7,5,4,6,5,6,5,5.333333333333333,4.25,5.75,6,5,5.25,4.75,6,6.333333333333333
153,44,1,1,3, , , , ,5,5,5,4,5,5,4,5,4,4,5,5,5,5,4,4,4,4,5,5,4,4,5,5,5,5,5,5,4,5,5,2,6,4,3,2,5,4.5,4.5,5,4,4.5,4.75,5,4.666666666666667
154,32,2,1,1,4,14,3,4,5,4,5,6,5,5,6,5,5,6,6,6,5,5,6,5,5,5,5,6,5,6,6,5,6,6,5,6,5,5,5,2,5,2,5,2,4.666666666666667,5.5,5.5,5.333333333333333,5.333333333333333,5.25,5.75,5.666666666666667,5
155,51,2,1,1,4,21,7,8,5,5,6,5,5,5,5,6,6,6,6,5,5,5,6,5,5,5,5,6,6,6,6,6,6,5,5,5,6,7,7,2,6,5,3,5,5.333333333333333,5,6,5,5.333333333333333,5.5,6,5,6.666666666666667
156,37,1,1,1,2,15,2,5,6,7,7,6,7,6,7,6,7,6,7,7,6,7,6,7,6,7,7,7,6,6,7,6,7,6,7,6,7,6,7,4,3,4,4,5,6.666666666666667,6.5,6.5,6.666666666666667,6.333333333333333,6.75,6.5,6.333333333333333,6.666666666666667
157,49,2,1,3, , , , ,6,4,4,4,5,4,5,4,5,5,4,4,5,4,4,5,5,4,5,5,5,4,5,4,4,5,4,5,5,5,4,2,6,2,2,5,4.666666666666667,4.5,4.5,4.333333333333333,4.666666666666667,4.75,4.25,4.666666666666667,4.666666666666667
158,38,1,1,1,2,8,2,8,6,5,5,5,4,5,5,5,5,5,5,5,5,5,5,5,5,5,4,6,5,6,4,5,5,6,6,5,5,6,6,3,4,8,5,1,5.333333333333333,4.75,5,5,5,5,5,5.666666666666667,5.666666666666667
159,43,2,1,1,2,21,3,7,5,6,6,6,5,5,6,6,5,6,5,6,6,5,5,5,6,6,5,6,6,5,6,5,6,5,6,5,5,6,6,2,4,5,4,5,5.666666666666667,5.5,5.5,5.666666666666667,5.333333333333333,5.75,5.5,5.333333333333333,5.666666666666667
160,46,2,1,1,2,28,2,5,6,6,6,5,5,5,5,6,5,6,5,6,6,6,5,6,5,5,5,5,5,6,6,6,6,6,6,6,5,6,6,2,4,2,2,2,6,5,5.5,6,5.333333333333333,5,6,6,5.666666666666667
161,26,1,1,1,1,10,4,8,3,3,4,2,3,2,2,7,7,4,6,6,7,7,3,3,2,3,3,2,5,5,6,6,6,7,7,6,6,6,6,2,3,8,3,1,3.3333333333333335,2.25,6,6.666666666666667,2.6666666666666665,3.25,5.75,6.666666666666667,6
162,38,2,1,1,2,6,3,7,5,6,5,5,5,4,4,5,5,5,5,6,6,6,5,5,5,5,6,5,5,5,5,6,5,6,6,6,5,6,6,2,6,4,4,3,5.333333333333333,4.5,5,6,5,5.25,5.25,6,5.666666666666667
163,35,1,1,1,2,12,2,4,5,6,6,5,5,4,5,5,6,6,6,7,6,6,4,5,5,5,5,4,4,5,5,6,6,5,5,5,5,7,6,2,5,2,3,2,5.666666666666667,4.75,5.75,6.333333333333333,4.666666666666667,4.5,5.5,5,6
164,38,1,1,3, , , , ,4,4,5,3,4,4,3,4,4,4,3,4,5,5,4,3,4,4,4,4,3,4,4,4,3,4,4,4,3,3,4,2,5,3,2,1,4.333333333333333,3.5,3.75,4.666666666666667,3.6666666666666665,3.75,3.75,4,3.3333333333333335
165,38,1,1,1,2,15,2,3,6,5,6,6,6,5,5,5,6,5,6,5,5,6,6,6,6,5,6,5,5,5,6,6,6,5,6,6,5,6,6,2,6,3,2,2,5.666666666666667,5.5,5.5,5.333333333333333,6,5.25,5.75,5.666666666666667,5.666666666666667
166,36,1,1,3, , , , ,5,5,4,5,5,4,4,4,4,5,5,5,4,4,5,5,4,4,4,4,5,5,4,4,5,5,5,4,5,5,5,2,3,3,3,3,4.666666666666667,4.5,4.5,4.333333333333333,4.666666666666667,4.25,4.5,4.666666666666667,5
167,51,2,1,1,4,18,7,6,5,3,3,4,3,4,3,3,5,4,2,3,4,4,4,4,5,4,4,3,3,5,4,3,4,3,4,4,4,4,4,2,6,3,2,5,3.6666666666666665,3.5,3.5,3.6666666666666665,4.333333333333333,3.5,4,3.6666666666666665,4
168,43,2,1,1,2,10,1,2,3,3,4,3,4,4,4,3,5,5,4,4,4,4,3,3,4,3,4,4,4,3,4,5,5,4,4,4,3,4,3,3,5,2,3,5,3.3333333333333335,3.75,4.25,4,3.3333333333333335,3.75,4.25,4,3.3333333333333335
169,39,2,1,1,2,8,1,4,7,6,6,7,6,6,7,7,6,6,7,6,7,6,6,7,6,6,7,6,7,7,6,7,6,7,6,6,7,6,6,2,6,4,2,2,6.333333333333333,6.5,6.5,6.333333333333333,6.333333333333333,6.5,6.5,6.333333333333333,6.333333333333333
170,62,2,1,1,2,12,1,4,7,5,7,5,5,5,6,7,7,6,7,6,5,6,7,6,6,6,6,6,7,7,7,7,7,6,6,6,7,7,7,2,6,2,3,2,6.333333333333333,5.25,6.75,5.666666666666667,6.333333333333333,6.25,7,6,7
171,43,2,1,3, , , , ,4,5,6,4,5,4,5,4,4,4,5,4,4,5,5,5,4,4,5,4,4,4,5,4,4,5,5,5,5,4,4,2,4,1,2,1,5,4.5,4.25,4.333333333333333,4.666666666666667,4.25,4.25,5,4.333333333333333
172,45,2,1,1,2,9,2,5,7,6,7,7,7,6,7,7,6,6,6,7,6,7,7,6,6,7,7,6,7,7,7,6,6,7,6,7,7,6,6,2,6,3,3,5,6.666666666666667,6.75,6.25,6.666666666666667,6.333333333333333,6.75,6.5,6.666666666666667,6.333333333333333
173,35,2,1,1,3,21,4,4,7,6,7,7,6,7,5,5,7,7,6,7,7,6,6,6,7,7,7,6,7,6,7,7,6,6,7,6,7,7,7,3,6,5,4,2,6.666666666666667,6.25,6.25,6.666666666666667,6.333333333333333,6.75,6.5,6.333333333333333,7
174,40,1,1,1,4,13,3,8,6,6,7,5,4,4,4,5,5,5,5,7,7,7,4,6,6,5,4,4,4,5,4,4,5,6,6,6,4,6,6,2,6,1,1,1,6.333333333333333,4.25,5,7,5.333333333333333,4.25,4.5,6,5.333333333333333
175,30,1,1,1,2,20,3,1,4,4,5,4,4,5,5,4,5,5,3,4,5,5,5,3,4,3,4,4,5,5,3,4,4,5,5,5,6,5,4,2,3,3,3,2,4.333333333333333,4.5,4.25,4.666666666666667,4,4,4,5,5
176,40,1,1,1,2,5,3,6,5,5,5,6,6,6,6,5,6,6,5,5,6,6,6,6,6,6,5,5,6,6,6,6,5,6,5,6,6,6,5,2,6,6,4,2,5,6,5.5,5.666666666666667,6,5.5,5.75,5.666666666666667,5.666666666666667
177,25,1,1,1,2,5,2,5,7,6,6,7,7,7,7,6,7,7,7,7,7,6,7,6,7,7,7,7,7,7,7,7,6,6,6,5,7,7,7,2,6,3,4,2,6.333333333333333,7,6.75,6.666666666666667,6.666666666666667,7,6.75,5.666666666666667,7
178,42,2,1,1,3,22,1,5,6,7,7,7,6,7,7,7,6,7,7,6,5,7,7,6,7,7,7,7,7,7,7,7,7,6,6,6,7,7,7,2,6,5,3,2,6.666666666666667,6.75,6.75,6,6.666666666666667,7,7,6,7
179,29,1,1,1,1,12,5,7,7,6,6,6,6,7,7,7,7,6,6,6,7,7,5,6,6,6,7,7,7,7,7,6,7,7,6,7,7,7,7,2,4,4,4,5,6.333333333333333,6.5,6.5,6.666666666666667,5.666666666666667,6.75,6.75,6.666666666666667,7
180,34,2,1,1,2,9,2,7,5,6,5,5,5,6,5,5,5,5,6,5,5,6,6,5,5,6,6,6,5,5,5,6,5,5,5,6,6,6,5,2,3,5,3,2,5.333333333333333,5.25,5.25,5.333333333333333,5.333333333333333,5.75,5.25,5.333333333333333,5.666666666666667
181,50,2,1,3, , , , ,5,5,4,4,4,4,4,4,4,4,4,5,5,5,4,4,4,4,4,3,3,4,3,4,4,5,5,4,4,3,5,2,6,1,2,1,4.666666666666667,4,4,5,4,3.5,3.75,4.666666666666667,4
182,33,1,1,1,1,8,2,4,6,5,5,6,6,6,6,6,6,6,6,5,5,6,6,5,5,5,6,6,5,5,6,6,6,5,6,6,6,6,5,2,6,5,3,3,5.333333333333333,6,6,5.333333333333333,5.333333333333333,5.5,5.75,5.666666666666667,5.666666666666667
183,21,1,1,3, , , , ,7,5,5,5,5,5,5,6,6,5,5,6,7,5,5,5,5,5,4,4,5,6,5,5,5,4,5,5,5,4,5,2,3,3,2,2,5.666666666666667,5,5.5,6,5,4.5,5.25,4.666666666666667,4.666666666666667
184,39,2,1,1,6,12,4,8,6,7,6,6,7,6,6,6,7,6,6,6,6,7,6,7,6,6,7,7,6,6,7,6,7,6,6,6,6,7,7,2,6,3,2,2,6.333333333333333,6.25,6.25,6.333333333333333,6.333333333333333,6.5,6.5,6,6.666666666666667
185,37,1,1,1,2,9,2,6,7,5,6,5,5,6,6,7,6,6,5,6,6,6,7,6,6,6,6,6,6,6,6,6,6,6,6,6,6,7,7,2,5,5,2,2,6,5.5,6,6,6.333333333333333,6,6,6,6.666666666666667
186,31,2,1,1,2,13,3,4,5,6,5,5,6,5,4,5,6,5,3,4,5,6,4,4,6,5,5,3,5,3,6,4,5,5,4,6,4,5,6,2,4,4,4,4,5.333333333333333,5,4.75,5,4.666666666666667,4.5,4.5,5,5
187,34,1,1,1,6,25,1,3,4,4,4,4,4,4,3,5,6,5,5,5,6,5,5,6,6,5,5,5,5,5,5,5,5,4,5,5,5,6,6,2,6,2,2,2,4,3.75,5.25,5.333333333333333,5.666666666666667,5,5,4.666666666666667,5.666666666666667
188,39,2,1,1,2,9,2,8,6,6,5,5,5,6,5,5,6,6,5,6,5,5,6,6,5,6,5,5,6,6,6,7,6,5,6,6,6,5,6,2,4,4,2,2,5.666666666666667,5.25,5.5,5.333333333333333,5.666666666666667,5.5,6.25,5.666666666666667,5.666666666666667
189,32,1,1,1,3,8,1,5,5,4,6,6,6,5,5,5,5,4,6,5,5,4,6,5,6,4,4,5,6,5,6,5,6,5,4,6,5,5,5,2,6,4,3,1,5,5.5,5,4.666666666666667,5.666666666666667,4.75,5.5,5,5
190,45,2,1,1,2,2,3,5,5,4,5,5,4,5,5,5,4,5,5,5,4,5,5,5,4,5,5,4,5,5,4,5,5,5,5,5,4,5,5,2,6,8,4,2,4.666666666666667,4.75,4.75,4.666666666666667,4.666666666666667,4.75,4.75,5,4.666666666666667
191,34,2,1,1,2,3,1,5,5,5,6,6,6,6,6,6,6,6,6,5,5,6,6,6,6,6,7,7,7,6,6,6,6,7,7,7,7,7,7,2,6,4,3,1,5.333333333333333,6,6,5.333333333333333,6,6.75,6,7,7
192,47,2,1,1,1,1,2,6,6,7,6,7,7,7,7,7,7,7,6,7,6,6,6,7,7,7,6,7,6,5,7,6,5,6,7,6,5,7,6,2,6,4,2,1,6.333333333333333,7,6.75,6.333333333333333,6.666666666666667,6.5,5.75,6.333333333333333,6
193,35,2,1,1,3,9,2,4,6,4,5,5,6,4,5,5,5,3,4,6,5,5,4,6,5,5,6,5,3,6,4,5,6,5,5,5,5,4,5,3,6,6,3,4,5,5,4.25,5.333333333333333,5,4.75,5.25,5,4.666666666666667
194,36,1,1,1,2,8,2,5,7,6,7,7,6,6,7,6,7,7,6,7,7,6,6,6,7,7,6,7,7,6,7,7,6,6,7,7,7,6,6,4,4,4,4,1,6.666666666666667,6.5,6.5,6.666666666666667,6.333333333333333,6.75,6.5,6.666666666666667,6.333333333333333
195,36,2,1,1,2,0,3,7,5,6,5,6,6,7,5,5,6,5,6,6,6,6,5,6,6,6,6,6,5,6,6,6,6,6,5,5,6,6,5,2,6,7,3,2,5.333333333333333,6,5.5,6,5.666666666666667,5.75,6,5.333333333333333,5.666666666666667
196,38,1,1,1,1,29,3,5,7,5,6,6,6,6,7,7,7,7,5,6,7,7,6,6,6,5,6,6,6,6,6,6,6,6,7,7,6,6,6,2,6,3,2,2,6,6.25,6.5,6.666666666666667,6,5.75,6,6.666666666666667,6
197,37,2,1,1,4,29,7,7,6,5,5,5,5,5,5,6,5,6,6,5,5,5,5,5,5,5,5,5,6,6,5,5,5,5,5,5,6,6,6,2,2,2,2,5,5.333333333333333,5,5.75,5,5,5.25,5.25,5,6
198,33,2,1,3, , , , ,5,6,5,3,3,3,3,5,6,6,6,5,5,6,4,3,4,3,3,3,3,3,3,3,3,5,5,5,4,2,3,2,4,4,3,2,5.333333333333333,3,5.75,5.333333333333333,3.6666666666666665,3,3,5,3
199,32,1,1,1,3,10,3,6,7,6,6,5,4,6,6,6,6,5,6,6,5,5,6,5,5,6,5,5,5,7,5,6,6,5,5,6,6,6,5,2,6,4,3,2,6.333333333333333,5.25,5.75,5.333333333333333,5.333333333333333,5.25,6,5.333333333333333,5.666666666666667
200,57,2,1,1,2,9,3,5,6,6,7,5,6,6,7,7,6,6,6,5,6,6,5,6,7,6,6,7,6,5,6,6,7,6,6,7,6,6,7,2,6,7,5,2,6.333333333333333,6,6.25,5.666666666666667,6,6.25,6,6.333333333333333,6.333333333333333

